networkId,personCount,rssi,batteryLevel,seqNumber,time,createdAt
1FA5528,2,-140,5.65,1237,2023-12-01 06:29:52,2023-12-01 07:19:54.066
1FA5528,5,-140,5.65,1237,2023-12-01 06:39:52,2023-12-01 07:19:54.067
1FA5528,4,-140,5.65,1237,2023-12-01 06:49:52,2023-12-01 07:19:54.067
1FA5528,12,-140,5.65,1237,2023-12-01 06:59:52,2023-12-01 07:19:54.067
1FA5528,4,-140,5.65,1237,2023-12-01 07:09:52,2023-12-01 07:19:54.067
1FA5528,6,-140,5.65,1237,2023-12-01 07:19:52,2023-12-01 07:19:54.067
1FA5528,4,-141,5.7,1238,2023-12-01 07:31:09,2023-12-01 08:21:11.173
1FA5528,4,-141,5.7,1238,2023-12-01 07:41:09,2023-12-01 08:21:11.174
1FA5528,5,-141,5.7,1238,2023-12-01 07:51:09,2023-12-01 08:21:11.174
1FA5528,5,-141,5.7,1238,2023-12-01 08:01:09,2023-12-01 08:21:11.174
1FA5528,8,-141,5.7,1238,2023-12-01 08:11:09,2023-12-01 08:21:11.174
1FA5528,13,-141,5.7,1238,2023-12-01 08:21:09,2023-12-01 08:21:11.175
1FA5528,11,-141,5.75,1239,2023-12-01 08:32:23,2023-12-01 09:22:24.398
1FA5528,4,-141,5.75,1239,2023-12-01 08:42:23,2023-12-01 09:22:24.399
1FA5528,3,-141,5.75,1239,2023-12-01 08:52:23,2023-12-01 09:22:24.399
1FA5528,10,-141,5.75,1239,2023-12-01 09:02:23,2023-12-01 09:22:24.400
1FA5528,8,-141,5.75,1239,2023-12-01 09:12:23,2023-12-01 09:22:24.400
1FA5528,8,-141,5.75,1239,2023-12-01 09:22:23,2023-12-01 09:22:24.400
1FA5528,0,-141,5.85,1241,2023-12-01 10:35:03,2023-12-01 11:25:04.935
1FA5528,2,-141,5.85,1241,2023-12-01 10:45:03,2023-12-01 11:25:04.935
1FA5528,7,-141,5.85,1241,2023-12-01 10:55:03,2023-12-01 11:25:04.935
1FA5528,3,-141,5.85,1241,2023-12-01 11:05:03,2023-12-01 11:25:04.936
1FA5528,10,-141,5.85,1241,2023-12-01 11:15:03,2023-12-01 11:25:04.936
1FA5528,3,-141,5.85,1241,2023-12-01 11:25:03,2023-12-01 11:25:04.936
1FA5528,5,-140,5.9,1242,2023-12-01 11:36:08,2023-12-01 12:26:09.768
1FA5528,2,-140,5.9,1242,2023-12-01 11:46:08,2023-12-01 12:26:09.768
1FA5528,3,-140,5.9,1242,2023-12-01 11:56:08,2023-12-01 12:26:09.769
1FA5528,2,-140,5.9,1242,2023-12-01 12:06:08,2023-12-01 12:26:09.769
1FA5528,4,-140,5.9,1242,2023-12-01 12:16:08,2023-12-01 12:26:09.769
1FA5528,4,-140,5.9,1242,2023-12-01 12:26:08,2023-12-01 12:26:09.769
1FA5528,3,-139,5.85,1243,2023-12-01 12:37:10,2023-12-01 13:27:11.773
1FA5528,6,-139,5.85,1243,2023-12-01 12:47:10,2023-12-01 13:27:11.773
1FA5528,3,-139,5.85,1243,2023-12-01 12:57:10,2023-12-01 13:27:11.778
1FA5528,1,-139,5.85,1243,2023-12-01 13:07:10,2023-12-01 13:27:11.778
1FA5528,4,-139,5.85,1243,2023-12-01 13:17:10,2023-12-01 13:27:11.778
1FA5528,2,-139,5.85,1243,2023-12-01 13:27:10,2023-12-01 13:27:11.779
1FA5528,4,-141,5.9,1244,2023-12-01 13:38:03,2023-12-01 14:28:04.931
1FA5528,0,-141,5.9,1244,2023-12-01 13:48:03,2023-12-01 14:28:04.932
1FA5528,0,-141,5.9,1244,2023-12-01 13:58:03,2023-12-01 14:28:04.934
1FA5528,4,-141,5.9,1244,2023-12-01 14:08:03,2023-12-01 14:28:04.934
1FA5528,4,-141,5.9,1244,2023-12-01 14:18:03,2023-12-01 14:28:04.934
1FA5528,0,-141,5.9,1244,2023-12-01 14:28:03,2023-12-01 14:28:04.935
1FA5528,3,-139,5.85,1246,2023-12-01 15:40:24,2023-12-01 16:30:26.580
1FA5528,10,-139,5.85,1246,2023-12-01 15:50:24,2023-12-01 16:30:26.580
1FA5528,3,-139,5.85,1246,2023-12-01 16:00:24,2023-12-01 16:30:26.580
1FA5528,11,-139,5.85,1246,2023-12-01 16:10:24,2023-12-01 16:30:26.581
1FA5528,14,-139,5.85,1246,2023-12-01 16:20:24,2023-12-01 16:30:26.581
1FA5528,14,-139,5.85,1246,2023-12-01 16:30:24,2023-12-01 16:30:26.581
1FA5528,5,-141,5.8,1247,2023-12-01 16:41:35,2023-12-01 17:31:37.013
1FA5528,2,-141,5.8,1247,2023-12-01 16:51:35,2023-12-01 17:31:37.013
1FA5528,8,-141,5.8,1247,2023-12-01 17:01:35,2023-12-01 17:31:37.013
1FA5528,3,-141,5.8,1247,2023-12-01 17:11:35,2023-12-01 17:31:37.013
1FA5528,3,-141,5.8,1247,2023-12-01 17:21:35,2023-12-01 17:31:37.014
1FA5528,0,-141,5.8,1247,2023-12-01 17:31:35,2023-12-01 17:31:37.014
1FA5528,1,-133,5.8,1248,2023-12-01 17:42:40,2023-12-01 18:32:42.232
1FA5528,1,-133,5.8,1248,2023-12-01 17:52:40,2023-12-01 18:32:42.233
1FA5528,5,-133,5.8,1248,2023-12-01 18:02:40,2023-12-01 18:32:42.233
1FA5528,5,-133,5.8,1248,2023-12-01 18:12:40,2023-12-01 18:32:42.233
1FA5528,4,-133,5.8,1248,2023-12-01 18:22:40,2023-12-01 18:32:42.234
1FA5528,0,-133,5.8,1248,2023-12-01 18:32:40,2023-12-01 18:32:42.236
1FA5528,1,-140,5.8,1252,2023-12-01 21:47:01,2023-12-01 22:37:02.675
1FA5528,4,-140,5.8,1252,2023-12-01 21:57:01,2023-12-01 22:37:02.676
1FA5528,5,-140,5.8,1252,2023-12-01 22:07:01,2023-12-01 22:37:02.676
1FA5528,1,-140,5.8,1252,2023-12-01 22:17:01,2023-12-01 22:37:02.676
1FA5528,1,-140,5.8,1252,2023-12-01 22:27:01,2023-12-01 22:37:02.676
1FA5528,6,-140,5.8,1252,2023-12-01 22:37:01,2023-12-01 22:37:02.677
1FA5528,0,-140,5.75,1253,2023-12-01 22:48:51,2023-12-01 23:38:52.745
1FA5528,0,-140,5.75,1253,2023-12-01 22:58:51,2023-12-01 23:38:52.745
1FA5528,0,-140,5.75,1253,2023-12-01 23:08:51,2023-12-01 23:38:52.746
1FA5528,0,-140,5.75,1253,2023-12-01 23:18:51,2023-12-01 23:38:52.746
1FA5528,0,-140,5.75,1253,2023-12-01 23:28:51,2023-12-01 23:38:52.746
1FA5528,4,-140,5.75,1253,2023-12-01 23:38:51,2023-12-01 23:38:52.746
1FA5528,0,-141,5.65,1254,2023-12-02 00:51:18,2023-12-02 01:41:19.585
1FA5528,0,-141,5.65,1254,2023-12-02 01:01:18,2023-12-02 01:41:19.585
1FA5528,0,-141,5.65,1254,2023-12-02 01:11:18,2023-12-02 01:41:19.586
1FA5528,0,-141,5.65,1254,2023-12-02 01:21:18,2023-12-02 01:41:19.586
1FA5528,2,-141,5.65,1254,2023-12-02 01:31:18,2023-12-02 01:41:19.586
1FA5528,0,-141,5.65,1254,2023-12-02 01:41:18,2023-12-02 01:41:19.587
1FA5528,1,-141,5.65,1255,2023-12-02 01:52:30,2023-12-02 02:42:31.562
1FA5528,2,-141,5.65,1255,2023-12-02 02:02:30,2023-12-02 02:42:31.563
1FA5528,0,-141,5.65,1255,2023-12-02 02:12:30,2023-12-02 02:42:31.563
1FA5528,0,-141,5.65,1255,2023-12-02 02:22:30,2023-12-02 02:42:31.563
1FA5528,0,-141,5.65,1255,2023-12-02 02:32:30,2023-12-02 02:42:31.564
1FA5528,0,-141,5.65,1255,2023-12-02 02:42:30,2023-12-02 02:42:31.564
1FA5528,0,-135,5.45,1256,2023-12-02 04:56:27,2023-12-02 05:46:29.451
1FA5528,0,-135,5.45,1256,2023-12-02 05:06:27,2023-12-02 05:46:29.452
1FA5528,0,-135,5.45,1256,2023-12-02 05:16:27,2023-12-02 05:46:29.452
1FA5528,0,-135,5.45,1256,2023-12-02 05:26:27,2023-12-02 05:46:29.453
1FA5528,1,-135,5.45,1256,2023-12-02 05:36:27,2023-12-02 05:46:29.453
1FA5528,2,-135,5.45,1256,2023-12-02 05:46:27,2023-12-02 05:46:29.454
1FA5528,1,-139,5.4,1257,2023-12-02 05:58:08,2023-12-02 06:48:10.288
1FA5528,1,-139,5.4,1257,2023-12-02 06:08:08,2023-12-02 06:48:10.289
1FA5528,2,-139,5.4,1257,2023-12-02 06:18:08,2023-12-02 06:48:10.289
1FA5528,0,-139,5.4,1257,2023-12-02 06:28:08,2023-12-02 06:48:10.289
1FA5528,1,-139,5.4,1257,2023-12-02 06:38:08,2023-12-02 06:48:10.289
1FA5528,1,-139,5.4,1257,2023-12-02 06:48:08,2023-12-02 06:48:10.290
1FA5528,1,-141,5.4,1258,2023-12-02 06:59:47,2023-12-02 07:49:48.927
1FA5528,4,-141,5.4,1258,2023-12-02 07:09:47,2023-12-02 07:49:48.928
1FA5528,10,-141,5.4,1258,2023-12-02 07:19:47,2023-12-02 07:49:48.928
1FA5528,4,-141,5.4,1258,2023-12-02 07:29:47,2023-12-02 07:49:48.928
1FA5528,12,-141,5.4,1258,2023-12-02 07:39:47,2023-12-02 07:49:48.929
1FA5528,5,-141,5.4,1258,2023-12-02 07:49:47,2023-12-02 07:49:48.929
1FA5528,12,-141,5.4,1259,2023-12-02 08:01:26,2023-12-02 08:51:28.054
1FA5528,6,-141,5.4,1259,2023-12-02 08:11:26,2023-12-02 08:51:28.054
1FA5528,4,-141,5.4,1259,2023-12-02 08:21:26,2023-12-02 08:51:28.054
1FA5528,15,-141,5.4,1259,2023-12-02 08:31:26,2023-12-02 08:51:28.054
1FA5528,8,-141,5.4,1259,2023-12-02 08:41:26,2023-12-02 08:51:28.054
1FA5528,8,-141,5.4,1259,2023-12-02 08:51:26,2023-12-02 08:51:28.055
1FA5528,6,-141,5.8,1265,2023-12-02 14:09:38,2023-12-02 14:59:39.212
1FA5528,8,-141,5.8,1265,2023-12-02 14:19:38,2023-12-02 14:59:39.212
1FA5528,10,-141,5.8,1265,2023-12-02 14:29:38,2023-12-02 14:59:39.213
1FA5528,10,-141,5.8,1265,2023-12-02 14:39:38,2023-12-02 14:59:39.213
1FA5528,14,-141,5.8,1265,2023-12-02 14:49:38,2023-12-02 14:59:39.213
1FA5528,7,-141,5.8,1265,2023-12-02 14:59:38,2023-12-02 14:59:39.214
1FA5528,16,-132,5.65,1266,2023-12-02 15:11:11,2023-12-02 16:01:13.703
1FA5528,9,-132,5.65,1266,2023-12-02 15:21:11,2023-12-02 16:01:13.703
1FA5528,8,-132,5.65,1266,2023-12-02 15:31:11,2023-12-02 16:01:13.703
1FA5528,9,-132,5.65,1266,2023-12-02 15:41:11,2023-12-02 16:01:13.704
1FA5528,2,-132,5.65,1266,2023-12-02 15:51:11,2023-12-02 16:01:13.704
1FA5528,8,-132,5.65,1266,2023-12-02 16:01:11,2023-12-02 16:01:13.704
1FA5528,2,-142,5.5,1268,2023-12-02 17:14:00,2023-12-02 18:04:01.274
1FA5528,2,-142,5.5,1268,2023-12-02 17:24:00,2023-12-02 18:04:01.274
1FA5528,1,-142,5.5,1268,2023-12-02 17:34:00,2023-12-02 18:04:01.274
1FA5528,0,-142,5.5,1268,2023-12-02 17:44:00,2023-12-02 18:04:01.275
1FA5528,0,-142,5.5,1268,2023-12-02 17:54:00,2023-12-02 18:04:01.275
1FA5528,2,-142,5.5,1268,2023-12-02 18:04:00,2023-12-02 18:04:01.275
1FA5528,1,-141,5.7,1275,2023-12-03 06:32:26,2023-12-03 07:22:27.910
1FA5528,6,-141,5.7,1275,2023-12-03 06:42:26,2023-12-03 07:22:27.910
1FA5528,4,-141,5.7,1275,2023-12-03 06:52:26,2023-12-03 07:22:27.911
1FA5528,4,-141,5.7,1275,2023-12-03 07:02:26,2023-12-03 07:22:27.911
1FA5528,1,-141,5.7,1275,2023-12-03 07:12:26,2023-12-03 07:22:27.911
1FA5528,1,-141,5.7,1275,2023-12-03 07:22:26,2023-12-03 07:22:27.911
1FA5528,9,-139,5.8,1278,2023-12-03 09:35:46,2023-12-03 10:25:48.067
1FA5528,9,-139,5.8,1278,2023-12-03 09:45:46,2023-12-03 10:25:48.068
1FA5528,8,-139,5.8,1278,2023-12-03 09:55:46,2023-12-03 10:25:48.068
1FA5528,10,-139,5.8,1278,2023-12-03 10:05:46,2023-12-03 10:25:48.068
1FA5528,4,-139,5.8,1278,2023-12-03 10:15:46,2023-12-03 10:25:48.068
1FA5528,0,-139,5.8,1278,2023-12-03 10:25:46,2023-12-03 10:25:48.068
1FA5528,1,-140,5.85,1279,2023-12-03 10:36:49,2023-12-03 11:26:50.763
1FA5528,3,-140,5.85,1279,2023-12-03 10:46:49,2023-12-03 11:26:50.763
1FA5528,11,-140,5.85,1279,2023-12-03 10:56:49,2023-12-03 11:26:50.764
1FA5528,17,-140,5.85,1279,2023-12-03 11:06:49,2023-12-03 11:26:50.764
1FA5528,4,-140,5.85,1279,2023-12-03 11:16:49,2023-12-03 11:26:50.764
1FA5528,2,-140,5.85,1279,2023-12-03 11:26:49,2023-12-03 11:26:50.765
1FA5528,4,-140,5.9,1280,2023-12-03 11:37:47,2023-12-03 12:27:49.803
1FA5528,6,-140,5.9,1280,2023-12-03 11:47:47,2023-12-03 12:27:49.804
1FA5528,8,-140,5.9,1280,2023-12-03 11:57:47,2023-12-03 12:27:49.804
1FA5528,4,-140,5.9,1280,2023-12-03 12:07:47,2023-12-03 12:27:49.804
1FA5528,7,-140,5.9,1280,2023-12-03 12:17:47,2023-12-03 12:27:49.805
1FA5528,7,-140,5.9,1280,2023-12-03 12:27:47,2023-12-03 12:27:49.805
1FA5528,9,-139,5.95,1282,2023-12-03 13:39:32,2023-12-03 14:29:34.031
1FA5528,10,-139,5.95,1282,2023-12-03 13:49:32,2023-12-03 14:29:34.032
1FA5528,10,-139,5.95,1282,2023-12-03 13:59:32,2023-12-03 14:29:34.032
1FA5528,6,-139,5.95,1282,2023-12-03 14:09:32,2023-12-03 14:29:34.032
1FA5528,18,-139,5.95,1282,2023-12-03 14:19:32,2023-12-03 14:29:34.033
1FA5528,8,-139,5.95,1282,2023-12-03 14:29:32,2023-12-03 14:29:34.033
1FA5528,1,-139,5.75,1287,2023-12-03 18:44:32,2023-12-03 19:34:34.698
1FA5528,1,-139,5.75,1287,2023-12-03 18:54:32,2023-12-03 19:34:34.699
1FA5528,0,-139,5.75,1287,2023-12-03 19:04:32,2023-12-03 19:34:34.699
1FA5528,0,-139,5.75,1287,2023-12-03 19:14:32,2023-12-03 19:34:34.700
1FA5528,0,-139,5.75,1287,2023-12-03 19:24:32,2023-12-03 19:34:34.700
1FA5528,2,-139,5.75,1287,2023-12-03 19:34:32,2023-12-03 19:34:34.700
1FA5528,0,-137,5.6,1289,2023-12-03 20:47:05,2023-12-03 21:37:07.501
1FA5528,0,-137,5.6,1289,2023-12-03 20:57:05,2023-12-03 21:37:07.502
1FA5528,0,-137,5.6,1289,2023-12-03 21:07:05,2023-12-03 21:37:07.502
1FA5528,0,-137,5.6,1289,2023-12-03 21:17:05,2023-12-03 21:37:07.502
1FA5528,3,-137,5.6,1289,2023-12-03 21:27:05,2023-12-03 21:37:07.502
1FA5528,4,-137,5.6,1289,2023-12-03 21:37:05,2023-12-03 21:37:07.502
1FA5528,1,-139,5.45,1291,2023-12-03 22:49:47,2023-12-03 23:39:49.230
1FA5528,0,-139,5.45,1291,2023-12-03 22:59:47,2023-12-03 23:39:49.230
1FA5528,1,-139,5.45,1291,2023-12-03 23:09:47,2023-12-03 23:39:49.230
1FA5528,1,-139,5.45,1291,2023-12-03 23:19:47,2023-12-03 23:39:49.230
1FA5528,0,-139,5.45,1291,2023-12-03 23:29:47,2023-12-03 23:39:49.231
1FA5528,0,-139,5.45,1291,2023-12-03 23:39:47,2023-12-03 23:39:49.231
1FA5528,0,-131,5.75,1292,2023-12-04 04:56:51,2023-12-04 05:46:52.762
1FA5528,0,-131,5.75,1292,2023-12-04 05:06:51,2023-12-04 05:46:52.762
1FA5528,0,-131,5.75,1292,2023-12-04 05:16:51,2023-12-04 05:46:52.763
1FA5528,0,-131,5.75,1292,2023-12-04 05:26:51,2023-12-04 05:46:52.763
1FA5528,2,-131,5.75,1292,2023-12-04 05:36:51,2023-12-04 05:46:52.763
1FA5528,2,-131,5.75,1292,2023-12-04 05:46:51,2023-12-04 05:46:52.765
1FA5528,1,-141,5.85,1329,2023-12-06 01:38:38,2023-12-06 02:28:39.741
1FA5528,0,-141,5.85,1329,2023-12-06 01:48:38,2023-12-06 02:28:39.743
1FA5528,8,-141,5.85,1329,2023-12-06 01:58:38,2023-12-06 02:28:39.745
1FA5528,0,-141,5.85,1329,2023-12-06 02:08:38,2023-12-06 02:28:39.745
1FA5528,0,-141,5.85,1329,2023-12-06 02:18:38,2023-12-06 02:28:39.746
1FA5528,0,-141,5.85,1329,2023-12-06 02:28:38,2023-12-06 02:28:39.746
1FA5528,0,-142,5.85,1330,2023-12-06 03:40:24,2023-12-06 04:30:25.788
1FA5528,0,-142,5.85,1330,2023-12-06 03:50:24,2023-12-06 04:30:25.789
1FA5528,3,-142,5.85,1330,2023-12-06 04:00:24,2023-12-06 04:30:25.789
1FA5528,0,-142,5.85,1330,2023-12-06 04:10:24,2023-12-06 04:30:25.790
1FA5528,1,-142,5.85,1330,2023-12-06 04:20:24,2023-12-06 04:30:25.793
1FA5528,0,-142,5.85,1330,2023-12-06 04:30:24,2023-12-06 04:30:25.793
1FA5528,3,-137,5.8,1336,2023-12-06 09:46:16,2023-12-06 10:36:17.757
1FA5528,4,-137,5.8,1336,2023-12-06 09:56:16,2023-12-06 10:36:17.757
1FA5528,7,-137,5.8,1336,2023-12-06 10:06:16,2023-12-06 10:36:17.757
1FA5528,0,-137,5.8,1336,2023-12-06 10:16:16,2023-12-06 10:36:17.759
1FA5528,0,-137,5.8,1336,2023-12-06 10:26:16,2023-12-06 10:36:17.759
1FA5528,11,-137,5.8,1336,2023-12-06 10:36:16,2023-12-06 10:36:17.760
1FA5528,0,-142,5.85,1339,2023-12-06 12:48:56,2023-12-06 13:38:58.549
1FA5528,0,-142,5.85,1339,2023-12-06 12:58:56,2023-12-06 13:38:58.549
1FA5528,6,-142,5.85,1339,2023-12-06 13:08:56,2023-12-06 13:38:58.549
1FA5528,0,-142,5.85,1339,2023-12-06 13:18:56,2023-12-06 13:38:58.550
1FA5528,0,-142,5.85,1339,2023-12-06 13:28:56,2023-12-06 13:38:58.550
1FA5528,0,-142,5.85,1339,2023-12-06 13:38:56,2023-12-06 13:38:58.550
1FA5528,0,-141,5.85,1348,2023-12-06 21:57:07,2023-12-06 22:47:08.876
1FA5528,5,-141,5.85,1348,2023-12-06 22:07:07,2023-12-06 22:47:08.876
1FA5528,0,-141,5.85,1348,2023-12-06 22:17:07,2023-12-06 22:47:08.876
1FA5528,0,-141,5.85,1348,2023-12-06 22:27:07,2023-12-06 22:47:08.877
1FA5528,0,-141,5.85,1348,2023-12-06 22:37:07,2023-12-06 22:47:08.877
1FA5528,0,-141,5.85,1348,2023-12-06 22:47:07,2023-12-06 22:47:08.877
1FA5528,0,-141,5.8,1350,2023-12-07 05:02:36,2023-12-07 05:52:38.979
1FA5528,0,-141,5.8,1350,2023-12-07 05:12:36,2023-12-07 05:52:38.980
1FA5528,0,-141,5.8,1350,2023-12-07 05:22:36,2023-12-07 05:52:38.980
1FA5528,4,-141,5.8,1350,2023-12-07 05:32:36,2023-12-07 05:52:38.980
1FA5528,0,-141,5.8,1350,2023-12-07 05:42:36,2023-12-07 05:52:38.981
1FA5528,4,-141,5.8,1350,2023-12-07 05:52:36,2023-12-07 05:52:38.981
1FA5528,4,-141,5.75,1351,2023-12-07 06:03:36,2023-12-07 06:53:38.566
1FA5528,4,-141,5.75,1351,2023-12-07 06:13:36,2023-12-07 06:53:38.566
1FA5528,2,-141,5.75,1351,2023-12-07 06:23:36,2023-12-07 06:53:38.566
1FA5528,2,-141,5.75,1351,2023-12-07 06:33:36,2023-12-07 06:53:38.567
1FA5528,3,-141,5.75,1351,2023-12-07 06:43:36,2023-12-07 06:53:38.567
1FA5528,13,-141,5.75,1351,2023-12-07 06:53:36,2023-12-07 06:53:38.567
1FA5528,1,-140,5.85,1355,2023-12-07 10:07:10,2023-12-07 10:57:12.095
1FA5528,0,-140,5.85,1355,2023-12-07 10:17:10,2023-12-07 10:57:12.096
1FA5528,1,-140,5.85,1355,2023-12-07 10:27:10,2023-12-07 10:57:12.096
1FA5528,1,-140,5.85,1355,2023-12-07 10:37:10,2023-12-07 10:57:12.096
1FA5528,5,-140,5.85,1355,2023-12-07 10:47:10,2023-12-07 10:57:12.097
1FA5528,3,-140,5.85,1355,2023-12-07 10:57:10,2023-12-07 10:57:12.097
1FA5528,0,-141,5.85,1358,2023-12-07 14:10:30,2023-12-07 15:00:32.371
1FA5528,0,-141,5.85,1358,2023-12-07 14:20:30,2023-12-07 15:00:32.372
1FA5528,1,-141,5.85,1358,2023-12-07 14:30:30,2023-12-07 15:00:32.372
1FA5528,3,-141,5.85,1358,2023-12-07 14:40:30,2023-12-07 15:00:32.373
1FA5528,0,-141,5.85,1358,2023-12-07 14:50:30,2023-12-07 15:00:32.373
1FA5528,6,-141,5.85,1358,2023-12-07 15:00:30,2023-12-07 15:00:32.373
1FA5528,1,-140,5.8,1381,2023-12-08 17:33:32,2023-12-08 18:23:33.614
1FA5528,0,-140,5.8,1381,2023-12-08 17:43:32,2023-12-08 18:23:33.615
1FA5528,2,-140,5.8,1381,2023-12-08 17:53:32,2023-12-08 18:23:33.615
1FA5528,10,-140,5.8,1381,2023-12-08 18:03:32,2023-12-08 18:23:33.615
1FA5528,1,-140,5.8,1381,2023-12-08 18:13:32,2023-12-08 18:23:33.615
1FA5528,0,-140,5.8,1381,2023-12-08 18:23:32,2023-12-08 18:23:33.616
1FA5528,6,-140,5.85,1383,2023-12-08 19:35:14,2023-12-08 20:25:15.755
1FA5528,0,-140,5.85,1383,2023-12-08 19:45:14,2023-12-08 20:25:15.755
1FA5528,2,-140,5.85,1383,2023-12-08 19:55:14,2023-12-08 20:25:15.755
1FA5528,1,-140,5.85,1383,2023-12-08 20:05:14,2023-12-08 20:25:15.757
1FA5528,3,-140,5.85,1383,2023-12-08 20:15:14,2023-12-08 20:25:15.759
1FA5528,1,-140,5.85,1383,2023-12-08 20:25:14,2023-12-08 20:25:15.760
1FA5528,1,-141,5.85,1385,2023-12-08 21:36:54,2023-12-08 22:26:55.634
1FA5528,0,-141,5.85,1385,2023-12-08 21:46:54,2023-12-08 22:26:55.635
1FA5528,0,-141,5.85,1385,2023-12-08 21:56:54,2023-12-08 22:26:55.636
1FA5528,0,-141,5.85,1385,2023-12-08 22:06:54,2023-12-08 22:26:55.636
1FA5528,0,-141,5.85,1385,2023-12-08 22:16:54,2023-12-08 22:26:55.636
1FA5528,0,-141,5.85,1385,2023-12-08 22:26:54,2023-12-08 22:26:55.637
1FA5528,0,-141,5.85,1387,2023-12-09 04:41:50,2023-12-09 05:31:52.046
1FA5528,0,-141,5.85,1387,2023-12-09 04:51:50,2023-12-09 05:31:52.046
1FA5528,0,-141,5.85,1387,2023-12-09 05:01:50,2023-12-09 05:31:52.046
1FA5528,0,-141,5.85,1387,2023-12-09 05:11:50,2023-12-09 05:31:52.047
1FA5528,0,-141,5.85,1387,2023-12-09 05:21:50,2023-12-09 05:31:52.047
1FA5528,1,-141,5.85,1387,2023-12-09 05:31:50,2023-12-09 05:31:52.048
1FA5528,3,-136,5.95,1399,2023-12-09 16:51:07,2023-12-09 17:41:08.627
1FA5528,11,-136,5.95,1399,2023-12-09 17:01:07,2023-12-09 17:41:08.628
1FA5528,7,-136,5.95,1399,2023-12-09 17:11:07,2023-12-09 17:41:08.628
1FA5528,6,-136,5.95,1399,2023-12-09 17:21:07,2023-12-09 17:41:08.628
1FA5528,0,-136,5.95,1399,2023-12-09 17:31:07,2023-12-09 17:41:08.630
1FA5528,0,-136,5.95,1399,2023-12-09 17:41:07,2023-12-09 17:41:08.630
1FA5528,6,-134,5.95,1400,2023-12-09 17:51:48,2023-12-09 18:41:49.584
1FA5528,5,-134,5.95,1400,2023-12-09 18:01:48,2023-12-09 18:41:49.585
1FA5528,10,-134,5.95,1400,2023-12-09 18:11:48,2023-12-09 18:41:49.585
1FA5528,4,-134,5.95,1400,2023-12-09 18:21:48,2023-12-09 18:41:49.585
1FA5528,1,-134,5.95,1400,2023-12-09 18:31:48,2023-12-09 18:41:49.586
1FA5528,3,-134,5.95,1400,2023-12-09 18:41:48,2023-12-09 18:41:49.586
1FA5528,4,-141,5.95,1401,2023-12-09 18:52:34,2023-12-09 19:42:35.675
1FA5528,8,-141,5.95,1401,2023-12-09 19:02:34,2023-12-09 19:42:35.676
1FA5528,0,-141,5.95,1401,2023-12-09 19:12:34,2023-12-09 19:42:35.676
1FA5528,6,-141,5.95,1401,2023-12-09 19:22:34,2023-12-09 19:42:35.676
1FA5528,0,-141,5.95,1401,2023-12-09 19:32:34,2023-12-09 19:42:35.676
1FA5528,0,-141,5.95,1401,2023-12-09 19:42:34,2023-12-09 19:42:35.677
1FA5528,7,-143,5.9,1415,2023-12-10 10:04:56,2023-12-10 10:54:57.524
1FA5528,3,-143,5.9,1415,2023-12-10 10:14:56,2023-12-10 10:54:57.525
1FA5528,6,-143,5.9,1415,2023-12-10 10:24:56,2023-12-10 10:54:57.525
1FA5528,19,-143,5.9,1415,2023-12-10 10:34:56,2023-12-10 10:54:57.525
1FA5528,1,-143,5.9,1415,2023-12-10 10:44:56,2023-12-10 10:54:57.526
1FA5528,9,-143,5.9,1415,2023-12-10 10:54:56,2023-12-10 10:54:57.526
1FA5528,3,-142,5.9,1433,2023-12-11 09:21:01,2023-12-11 10:11:03.235
1FA5528,5,-142,5.9,1433,2023-12-11 09:31:01,2023-12-11 10:11:03.235
1FA5528,3,-142,5.9,1433,2023-12-11 09:41:01,2023-12-11 10:11:03.236
1FA5528,2,-142,5.9,1433,2023-12-11 09:51:01,2023-12-11 10:11:03.236
1FA5528,1,-142,5.9,1433,2023-12-11 10:01:01,2023-12-11 10:11:03.236
1FA5528,1,-142,5.9,1433,2023-12-11 10:11:01,2023-12-11 10:11:03.236
1FA5528,0,-141,5.5,1486,2023-12-14 05:18:57,2023-12-14 06:08:59.943
1FA5528,1,-141,5.5,1486,2023-12-14 05:28:57,2023-12-14 06:08:59.944
1FA5528,1,-141,5.5,1486,2023-12-14 05:38:57,2023-12-14 06:08:59.944
1FA5528,3,-141,5.5,1486,2023-12-14 05:48:57,2023-12-14 06:08:59.944
1FA5528,1,-141,5.5,1486,2023-12-14 05:58:57,2023-12-14 06:08:59.945
1FA5528,1,-141,5.5,1486,2023-12-14 06:08:57,2023-12-14 06:08:59.945
1FA5528,4,-142,5.5,1489,2023-12-14 08:22:54,2023-12-14 09:12:57.511
1FA5528,5,-142,5.5,1489,2023-12-14 08:32:54,2023-12-14 09:12:57.511
1FA5528,4,-142,5.5,1489,2023-12-14 08:42:54,2023-12-14 09:12:57.511
1FA5528,8,-142,5.5,1489,2023-12-14 08:52:54,2023-12-14 09:12:57.512
1FA5528,10,-142,5.5,1489,2023-12-14 09:02:54,2023-12-14 09:12:57.512
1FA5528,10,-142,5.5,1489,2023-12-14 09:12:54,2023-12-14 09:12:57.512
1FA5528,1,-139,5.45,1498,2023-12-14 17:31:48,2023-12-14 18:21:50.280
1FA5528,0,-139,5.45,1498,2023-12-14 17:41:48,2023-12-14 18:21:50.280
1FA5528,2,-139,5.45,1498,2023-12-14 17:51:48,2023-12-14 18:21:50.281
1FA5528,1,-139,5.45,1498,2023-12-14 18:01:48,2023-12-14 18:21:50.281
1FA5528,0,-139,5.45,1498,2023-12-14 18:11:48,2023-12-14 18:21:50.281
1FA5528,0,-139,5.45,1498,2023-12-14 18:21:48,2023-12-14 18:21:50.283
1FA5528,0,-135,5.5,1499,2023-12-14 18:32:50,2023-12-14 19:22:52.574
1FA5528,3,-135,5.5,1499,2023-12-14 18:42:50,2023-12-14 19:22:52.575
1FA5528,1,-135,5.5,1499,2023-12-14 18:52:50,2023-12-14 19:22:52.575
1FA5528,1,-135,5.5,1499,2023-12-14 19:02:50,2023-12-14 19:22:52.575
1FA5528,1,-135,5.5,1499,2023-12-14 19:12:50,2023-12-14 19:22:52.576
1FA5528,0,-135,5.5,1499,2023-12-14 19:22:50,2023-12-14 19:22:52.576
1FA5528,0,-144,5.75,1503,2023-12-15 04:41:26,2023-12-15 05:31:27.405
1FA5528,1,-144,5.75,1503,2023-12-15 04:51:26,2023-12-15 05:31:27.405
1FA5528,0,-144,5.75,1503,2023-12-15 05:01:26,2023-12-15 05:31:27.405
1FA5528,0,-144,5.75,1503,2023-12-15 05:11:26,2023-12-15 05:31:27.406
1FA5528,18,-144,5.75,1503,2023-12-15 05:21:26,2023-12-15 05:31:27.406
1FA5528,3,-144,5.75,1503,2023-12-15 05:31:26,2023-12-15 05:31:27.406
1FA5528,4,-142,5.75,1506,2023-12-15 07:44:01,2023-12-15 08:34:03.533
1FA5528,3,-142,5.75,1506,2023-12-15 07:54:01,2023-12-15 08:34:03.534
1FA5528,4,-142,5.75,1506,2023-12-15 08:04:01,2023-12-15 08:34:03.534
1FA5528,10,-142,5.75,1506,2023-12-15 08:14:01,2023-12-15 08:34:03.534
1FA5528,7,-142,5.75,1506,2023-12-15 08:24:01,2023-12-15 08:34:03.535
1FA5528,3,-142,5.75,1506,2023-12-15 08:34:01,2023-12-15 08:34:03.535
1FA5528,9,-142,5.85,1509,2023-12-15 10:46:06,2023-12-15 11:36:08.178
1FA5528,3,-142,5.85,1509,2023-12-15 10:56:06,2023-12-15 11:36:08.178
1FA5528,3,-142,5.85,1509,2023-12-15 11:06:06,2023-12-15 11:36:08.179
1FA5528,6,-142,5.85,1509,2023-12-15 11:16:06,2023-12-15 11:36:08.179
1FA5528,28,-142,5.85,1509,2023-12-15 11:26:06,2023-12-15 11:36:08.179
1FA5528,0,-142,5.85,1509,2023-12-15 11:36:06,2023-12-15 11:36:08.180
1FA5528,0,-143,5.9,1519,2023-12-15 20:51:42,2023-12-15 21:41:44.974
1FA5528,4,-143,5.9,1519,2023-12-15 21:01:42,2023-12-15 21:41:44.974
1FA5528,9,-143,5.9,1519,2023-12-15 21:11:42,2023-12-15 21:41:44.974
1FA5528,0,-143,5.9,1519,2023-12-15 21:21:42,2023-12-15 21:41:44.975
1FA5528,0,-143,5.9,1519,2023-12-15 21:31:42,2023-12-15 21:41:44.975
1FA5528,1,-143,5.9,1519,2023-12-15 21:41:42,2023-12-15 21:41:44.975
1FA5528,265,-138,5.95,1575,2023-12-18 05:19:07,2023-12-18 06:09:09.324
1FA5528,86,-138,5.95,1575,2023-12-18 05:29:07,2023-12-18 06:09:09.324
1FA5528,160,-138,5.95,1575,2023-12-18 05:39:07,2023-12-18 06:09:09.324
1FA5528,36,-138,5.95,1575,2023-12-18 05:49:07,2023-12-18 06:09:09.325
1FA5528,138,-138,5.95,1575,2023-12-18 05:59:07,2023-12-18 06:09:09.325
1FA5528,192,-138,5.95,1575,2023-12-18 06:09:07,2023-12-18 06:09:09.325
1FA5528,500,-141,5.95,1579,2023-12-18 09:21:42,2023-12-18 10:11:44.279
1FA5528,509,-141,5.95,1579,2023-12-18 09:31:42,2023-12-18 10:11:44.279
1FA5528,593,-141,5.95,1579,2023-12-18 09:41:42,2023-12-18 10:11:44.280
1FA5528,632,-141,5.95,1579,2023-12-18 09:51:42,2023-12-18 10:11:44.280
1FA5528,553,-141,5.95,1579,2023-12-18 10:01:42,2023-12-18 10:11:44.280
1FA5528,576,-141,5.95,1579,2023-12-18 10:11:42,2023-12-18 10:11:44.282
1FA5528,26,-143,5.6,1614,2023-12-19 20:39:33,2023-12-19 21:29:34.933
1FA5528,28,-143,5.6,1614,2023-12-19 20:49:33,2023-12-19 21:29:34.933
1FA5528,43,-143,5.6,1614,2023-12-19 20:59:33,2023-12-19 21:29:34.933
1FA5528,74,-143,5.6,1614,2023-12-19 21:09:33,2023-12-19 21:29:34.934
1FA5528,24,-143,5.6,1614,2023-12-19 21:19:33,2023-12-19 21:29:34.934
1FA5528,180,-143,5.6,1614,2023-12-19 21:29:33,2023-12-19 21:29:34.934
1FA5528,15,-143,5.55,1625,2023-12-20 07:47:33,2023-12-20 08:37:35.219
1FA5528,11,-143,5.55,1625,2023-12-20 07:57:33,2023-12-20 08:37:35.220
1FA5528,9,-143,5.55,1625,2023-12-20 08:07:33,2023-12-20 08:37:35.220
1FA5528,50,-143,5.55,1625,2023-12-20 08:17:33,2023-12-20 08:37:35.220
1FA5528,91,-143,5.55,1625,2023-12-20 08:27:33,2023-12-20 08:37:35.220
1FA5528,180,-143,5.55,1625,2023-12-20 08:37:33,2023-12-20 08:37:35.221
1FA5528,292,-141,5.55,1627,2023-12-20 09:49:00,2023-12-20 10:39:02.636
1FA5528,200,-141,5.55,1627,2023-12-20 09:59:00,2023-12-20 10:39:02.636
1FA5528,286,-141,5.55,1627,2023-12-20 10:09:00,2023-12-20 10:39:02.636
1FA5528,223,-141,5.55,1627,2023-12-20 10:19:00,2023-12-20 10:39:02.636
1FA5528,373,-141,5.55,1627,2023-12-20 10:29:00,2023-12-20 10:39:02.637
1FA5528,384,-141,5.55,1627,2023-12-20 10:39:00,2023-12-20 10:39:02.637
1FA5528,10,-133,5.25,1687,2023-12-23 01:38:08,2023-12-23 02:28:09.554
1FA5528,0,-133,5.25,1687,2023-12-23 01:48:08,2023-12-23 02:28:09.554
1FA5528,0,-133,5.25,1687,2023-12-23 01:58:08,2023-12-23 02:28:09.555
1FA5528,0,-133,5.25,1687,2023-12-23 02:08:08,2023-12-23 02:28:09.555
1FA5528,0,-133,5.25,1687,2023-12-23 02:18:08,2023-12-23 02:28:09.555
1FA5528,4,-133,5.25,1687,2023-12-23 02:28:08,2023-12-23 02:28:09.555
1FA5528,3,-142,5.4,1696,2023-12-23 11:47:12,2023-12-23 12:37:14.314
1FA5528,4,-142,5.4,1696,2023-12-23 11:57:12,2023-12-23 12:37:14.314
1FA5528,6,-142,5.4,1696,2023-12-23 12:07:12,2023-12-23 12:37:14.314
1FA5528,14,-142,5.4,1696,2023-12-23 12:17:12,2023-12-23 12:37:14.314
1FA5528,12,-142,5.4,1696,2023-12-23 12:27:12,2023-12-23 12:37:14.315
1FA5528,8,-142,5.4,1696,2023-12-23 12:37:12,2023-12-23 12:37:14.316
1FA5528,0,-139,5.6,1712,2023-12-24 11:06:46,2023-12-24 11:56:46.996
1FA5528,5,-139,5.6,1712,2023-12-24 11:16:46,2023-12-24 11:56:46.996
1FA5528,135,-139,5.6,1712,2023-12-24 11:26:46,2023-12-24 11:56:46.997
1FA5528,275,-139,5.6,1712,2023-12-24 11:36:46,2023-12-24 11:56:46.997
1FA5528,339,-139,5.6,1712,2023-12-24 11:46:46,2023-12-24 11:56:46.997
1FA5528,257,-139,5.6,1712,2023-12-24 11:56:46,2023-12-24 11:56:46.998
1FA5528,0,-142,5.7,1719,2023-12-24 18:10:09,2023-12-24 19:00:11.267
1FA5528,18,-142,5.7,1719,2023-12-24 18:20:09,2023-12-24 19:00:11.267
1FA5528,7,-142,5.7,1719,2023-12-24 18:30:09,2023-12-24 19:00:11.268
1FA5528,71,-142,5.7,1719,2023-12-24 18:40:09,2023-12-24 19:00:11.268
1FA5528,29,-142,5.7,1719,2023-12-24 18:50:09,2023-12-24 19:00:11.268
1FA5528,43,-142,5.7,1719,2023-12-24 19:00:09,2023-12-24 19:00:11.268
1FA5528,299,-141,5.65,1728,2023-12-25 03:14:47,2023-12-25 04:04:48.257
1FA5528,306,-141,5.65,1728,2023-12-25 03:24:47,2023-12-25 04:04:48.257
1FA5528,277,-141,5.65,1728,2023-12-25 03:34:47,2023-12-25 04:04:48.257
1FA5528,323,-141,5.65,1728,2023-12-25 03:44:47,2023-12-25 04:04:48.257
1FA5528,224,-141,5.65,1728,2023-12-25 03:54:47,2023-12-25 04:04:48.258
1FA5528,256,-141,5.65,1728,2023-12-25 04:04:47,2023-12-25 04:04:48.258
1FA5528,51,-142,5.5,1740,2023-12-25 14:21:48,2023-12-25 15:11:50.205
1FA5528,20,-142,5.5,1740,2023-12-25 14:31:48,2023-12-25 15:11:50.206
1FA5528,94,-142,5.5,1740,2023-12-25 14:41:48,2023-12-25 15:11:50.206
1FA5528,17,-142,5.5,1740,2023-12-25 14:51:48,2023-12-25 15:11:50.206
1FA5528,58,-142,5.5,1740,2023-12-25 15:01:48,2023-12-25 15:11:50.207
1FA5528,16,-142,5.5,1740,2023-12-25 15:11:48,2023-12-25 15:11:50.207
1FA5528,47,-143,5.5,1741,2023-12-25 15:22:24,2023-12-25 16:12:26.532
1FA5528,3,-143,5.5,1741,2023-12-25 15:32:24,2023-12-25 16:12:26.533
1FA5528,25,-143,5.5,1741,2023-12-25 15:42:24,2023-12-25 16:12:26.533
1FA5528,15,-143,5.5,1741,2023-12-25 15:52:24,2023-12-25 16:12:26.534
1FA5528,7,-143,5.5,1741,2023-12-25 16:02:24,2023-12-25 16:12:26.534
1FA5528,32,-143,5.5,1741,2023-12-25 16:12:24,2023-12-25 16:12:26.534
1FA5528,89,-142,5.55,1748,2023-12-26 01:28:55,2023-12-26 02:18:57.534
1FA5528,30,-142,5.55,1748,2023-12-26 01:38:55,2023-12-26 02:18:57.535
1FA5528,30,-142,5.55,1748,2023-12-26 01:48:55,2023-12-26 02:18:57.535
1FA5528,184,-142,5.55,1748,2023-12-26 01:58:55,2023-12-26 02:18:57.537
1FA5528,494,-142,5.55,1748,2023-12-26 02:08:55,2023-12-26 02:18:57.537
1FA5528,160,-142,5.55,1748,2023-12-26 02:18:55,2023-12-26 02:18:57.537
1FA5528,37,-141,5.6,1749,2023-12-26 02:29:23,2023-12-26 03:19:24.863
1FA5528,4,-141,5.6,1749,2023-12-26 02:39:23,2023-12-26 03:19:24.863
1FA5528,3,-141,5.6,1749,2023-12-26 02:49:23,2023-12-26 03:19:24.864
1FA5528,16,-141,5.6,1749,2023-12-26 02:59:23,2023-12-26 03:19:24.864
1FA5528,3,-141,5.6,1749,2023-12-26 03:09:23,2023-12-26 03:19:24.864
1FA5528,8,-141,5.6,1749,2023-12-26 03:19:23,2023-12-26 03:19:24.864
1FA5528,35,-142,5.55,1752,2023-12-26 05:31:13,2023-12-26 06:21:14.548
1FA5528,103,-142,5.55,1752,2023-12-26 05:41:13,2023-12-26 06:21:14.549
1FA5528,156,-142,5.55,1752,2023-12-26 05:51:13,2023-12-26 06:21:14.549
1FA5528,175,-142,5.55,1752,2023-12-26 06:01:13,2023-12-26 06:21:14.549
1FA5528,93,-142,5.55,1752,2023-12-26 06:11:13,2023-12-26 06:21:14.549
1FA5528,0,-142,5.55,1752,2023-12-26 06:21:13,2023-12-26 06:21:14.550
1FA5528,3,-141,5.35,1755,2023-12-26 08:33:09,2023-12-26 09:23:11.293
1FA5528,9,-141,5.35,1755,2023-12-26 08:43:09,2023-12-26 09:23:11.294
1FA5528,9,-141,5.35,1755,2023-12-26 08:53:09,2023-12-26 09:23:11.296
1FA5528,9,-141,5.35,1755,2023-12-26 09:03:09,2023-12-26 09:23:11.296
1FA5528,4,-141,5.35,1755,2023-12-26 09:13:09,2023-12-26 09:23:11.296
1FA5528,6,-141,5.35,1755,2023-12-26 09:23:09,2023-12-26 09:23:11.297
1FA5528,8,-142,5.45,1759,2023-12-26 12:36:50,2023-12-26 13:26:52.185
1FA5528,13,-142,5.45,1759,2023-12-26 12:46:50,2023-12-26 13:26:52.185
1FA5528,3,-142,5.45,1759,2023-12-26 12:56:50,2023-12-26 13:26:52.185
1FA5528,5,-142,5.45,1759,2023-12-26 13:06:50,2023-12-26 13:26:52.185
1FA5528,3,-142,5.45,1759,2023-12-26 13:16:50,2023-12-26 13:26:52.186
1FA5528,8,-142,5.45,1759,2023-12-26 13:26:50,2023-12-26 13:26:52.186
1FA5528,315,-141,5.3,1763,2023-12-26 16:39:22,2023-12-26 17:29:23.744
1FA5528,78,-141,5.3,1763,2023-12-26 16:49:22,2023-12-26 17:29:23.744
1FA5528,1,-141,5.3,1763,2023-12-26 16:59:22,2023-12-26 17:29:23.744
1FA5528,0,-141,5.3,1763,2023-12-26 17:09:22,2023-12-26 17:29:23.745
1FA5528,2,-141,5.3,1763,2023-12-26 17:19:22,2023-12-26 17:29:23.745
1FA5528,0,-141,5.3,1763,2023-12-26 17:29:22,2023-12-26 17:29:23.745
1FA5528,0,-141,5.2,1772,2023-12-27 04:48:28,2023-12-27 05:38:30.152
1FA5528,0,-141,5.2,1772,2023-12-27 04:58:28,2023-12-27 05:38:30.152
1FA5528,0,-141,5.2,1772,2023-12-27 05:08:28,2023-12-27 05:38:30.152
1FA5528,0,-141,5.2,1772,2023-12-27 05:18:28,2023-12-27 05:38:30.152
1FA5528,1,-141,5.2,1772,2023-12-27 05:28:28,2023-12-27 05:38:30.153
1FA5528,1,-141,5.2,1772,2023-12-27 05:38:28,2023-12-27 05:38:30.153
1FA5528,0,-142,5.15,1773,2023-12-27 05:49:20,2023-12-27 06:39:22.767
1FA5528,1,-142,5.15,1773,2023-12-27 05:59:20,2023-12-27 06:39:22.767
1FA5528,2,-142,5.15,1773,2023-12-27 06:09:20,2023-12-27 06:39:22.767
1FA5528,1,-142,5.15,1773,2023-12-27 06:19:20,2023-12-27 06:39:22.767
1FA5528,6,-142,5.15,1773,2023-12-27 06:29:20,2023-12-27 06:39:22.768
1FA5528,4,-142,5.15,1773,2023-12-27 06:39:20,2023-12-27 06:39:22.769
1FA5528,6,-143,5.05,1776,2023-12-27 08:52:15,2023-12-27 09:42:17.996
1FA5528,17,-143,5.05,1776,2023-12-27 09:02:15,2023-12-27 09:42:17.996
1FA5528,13,-143,5.05,1776,2023-12-27 09:12:15,2023-12-27 09:42:17.997
1FA5528,4,-143,5.05,1776,2023-12-27 09:22:15,2023-12-27 09:42:17.997
1FA5528,7,-143,5.05,1776,2023-12-27 09:32:15,2023-12-27 09:42:17.997
1FA5528,13,-143,5.05,1776,2023-12-27 09:42:15,2023-12-27 09:42:17.997
1FA5528,76,-143,4.95,1912,2024-01-02 22:37:46,2024-01-02 23:27:48.233
1FA5528,15,-143,4.95,1912,2024-01-02 22:47:46,2024-01-02 23:27:48.233
1FA5528,43,-143,4.95,1912,2024-01-02 22:57:46,2024-01-02 23:27:48.233
1FA5528,26,-143,4.95,1912,2024-01-02 23:07:46,2024-01-02 23:27:48.234
1FA5528,52,-143,4.95,1912,2024-01-02 23:17:46,2024-01-02 23:27:48.234
1FA5528,64,-143,4.95,1912,2024-01-02 23:27:46,2024-01-02 23:27:48.234
1FA5528,0,-141,4.55,1939,2024-01-04 14:16:29,2024-01-04 15:06:31.899
1FA5528,0,-141,4.55,1939,2024-01-04 14:26:29,2024-01-04 15:06:31.899
1FA5528,0,-141,4.55,1939,2024-01-04 14:36:29,2024-01-04 15:06:31.899
1FA5528,0,-141,4.55,1939,2024-01-04 14:46:29,2024-01-04 15:06:31.900
1FA5528,1,-141,4.55,1939,2024-01-04 14:56:29,2024-01-04 15:06:31.900
1FA5528,0,-141,4.55,1939,2024-01-04 15:06:29,2024-01-04 15:06:31.900
1FA5528,1,-142,4.55,1941,2024-01-04 16:18:59,2024-01-04 17:09:01.286
1FA5528,1,-142,4.55,1941,2024-01-04 16:28:59,2024-01-04 17:09:01.286
1FA5528,0,-142,4.55,1941,2024-01-04 16:38:59,2024-01-04 17:09:01.286
1FA5528,0,-142,4.55,1941,2024-01-04 16:48:59,2024-01-04 17:09:01.286
1FA5528,0,-142,4.55,1941,2024-01-04 16:58:59,2024-01-04 17:09:01.287
1FA5528,0,-142,4.55,1941,2024-01-04 17:08:59,2024-01-04 17:09:01.287
1FA5528,0,-141,4.45,1953,2024-01-05 09:40:43,2024-01-05 10:30:45.192
1FA5528,1,-141,4.45,1953,2024-01-05 09:50:43,2024-01-05 10:30:45.193
1FA5528,4,-141,4.45,1953,2024-01-05 10:00:43,2024-01-05 10:30:45.193
1FA5528,6,-141,4.45,1953,2024-01-05 10:10:43,2024-01-05 10:30:45.193
1FA5528,4,-141,4.45,1953,2024-01-05 10:20:43,2024-01-05 10:30:45.193
1FA5528,1,-141,4.45,1953,2024-01-05 10:30:43,2024-01-05 10:30:45.194
1FA5528,0,-140,4.5,1955,2024-01-05 11:43:21,2024-01-05 12:33:23.098
1FA5528,3,-140,4.5,1955,2024-01-05 11:53:21,2024-01-05 12:33:23.098
1FA5528,0,-140,4.5,1955,2024-01-05 12:03:21,2024-01-05 12:33:23.099
1FA5528,1,-140,4.5,1955,2024-01-05 12:13:21,2024-01-05 12:33:23.099
1FA5528,3,-140,4.5,1955,2024-01-05 12:23:21,2024-01-05 12:33:23.099
1FA5528,2,-140,4.5,1955,2024-01-05 12:33:21,2024-01-05 12:33:23.099
1FA5528,0,-140,4.5,1957,2024-01-05 13:45:57,2024-01-05 14:35:59.331
1FA5528,0,-140,4.5,1957,2024-01-05 13:55:57,2024-01-05 14:35:59.332
1FA5528,4,-140,4.5,1957,2024-01-05 14:05:57,2024-01-05 14:35:59.332
1FA5528,2,-140,4.5,1957,2024-01-05 14:15:57,2024-01-05 14:35:59.332
1FA5528,1,-140,4.5,1957,2024-01-05 14:25:57,2024-01-05 14:35:59.332
1FA5528,1,-140,4.5,1957,2024-01-05 14:35:57,2024-01-05 14:35:59.333
1FA5528,1,-141,4.45,1959,2024-01-05 15:48:32,2024-01-05 16:38:34.354
1FA5528,3,-141,4.45,1959,2024-01-05 15:58:32,2024-01-05 16:38:34.354
1FA5528,3,-141,4.45,1959,2024-01-05 16:08:32,2024-01-05 16:38:34.354
1FA5528,4,-141,4.45,1959,2024-01-05 16:18:32,2024-01-05 16:38:34.355
1FA5528,6,-141,4.45,1959,2024-01-05 16:28:32,2024-01-05 16:38:34.355
1FA5528,5,-141,4.45,1959,2024-01-05 16:38:32,2024-01-05 16:38:34.355
1FA5528,0,-141,4.4,1966,2024-01-05 22:57:42,2024-01-05 23:47:44.005
1FA5528,2,-141,4.4,1966,2024-01-05 23:07:42,2024-01-05 23:47:44.005
1FA5528,0,-141,4.4,1966,2024-01-05 23:17:42,2024-01-05 23:47:44.005
1FA5528,0,-141,4.4,1966,2024-01-05 23:27:42,2024-01-05 23:47:44.006
1FA5528,0,-141,4.4,1966,2024-01-05 23:37:42,2024-01-05 23:47:44.006
1FA5528,0,-141,4.4,1966,2024-01-05 23:47:42,2024-01-05 23:47:44.006
1FA5528,0,-140,4.45,1967,2024-01-05 23:59:07,2024-01-06 00:49:08.562
1FA5528,1,-140,4.45,1967,2024-01-06 00:09:07,2024-01-06 00:49:08.562
1FA5528,0,-140,4.45,1967,2024-01-06 00:19:07,2024-01-06 00:49:08.563
1FA5528,0,-140,4.45,1967,2024-01-06 00:29:07,2024-01-06 00:49:08.563
1FA5528,0,-140,4.45,1967,2024-01-06 00:39:07,2024-01-06 00:49:08.563
1FA5528,0,-140,4.45,1967,2024-01-06 00:49:07,2024-01-06 00:49:08.564
1FA5528,0,-140,4.65,1969,2024-01-06 07:06:48,2024-01-06 07:56:56.050
1FA5528,3,-140,4.65,1969,2024-01-06 07:16:48,2024-01-06 07:56:56.050
1FA5528,2,-140,4.65,1969,2024-01-06 07:26:48,2024-01-06 07:56:56.051
1FA5528,1,-140,4.65,1969,2024-01-06 07:36:48,2024-01-06 07:56:56.051
1FA5528,2,-140,4.65,1969,2024-01-06 07:46:48,2024-01-06 07:56:56.051
1FA5528,3,-140,4.65,1969,2024-01-06 07:56:48,2024-01-06 07:56:56.051
1FA5528,2,-141,4.65,1975,2024-01-06 13:13:32,2024-01-06 14:03:33.898
1FA5528,4,-141,4.65,1975,2024-01-06 13:23:32,2024-01-06 14:03:33.899
1FA5528,2,-141,4.65,1975,2024-01-06 13:33:32,2024-01-06 14:03:33.899
1FA5528,8,-141,4.65,1975,2024-01-06 13:43:32,2024-01-06 14:03:33.900
1FA5528,1,-141,4.65,1975,2024-01-06 13:53:32,2024-01-06 14:03:33.900
1FA5528,3,-141,4.65,1975,2024-01-06 14:03:32,2024-01-06 14:03:33.900
1FA5528,9,-141,4.55,1976,2024-01-06 14:14:39,2024-01-06 15:04:40.731
1FA5528,3,-141,4.55,1976,2024-01-06 14:24:39,2024-01-06 15:04:40.733
1FA5528,16,-141,4.55,1976,2024-01-06 14:34:39,2024-01-06 15:04:40.733
1FA5528,8,-141,4.55,1976,2024-01-06 14:44:39,2024-01-06 15:04:40.734
1FA5528,1,-141,4.55,1976,2024-01-06 14:54:39,2024-01-06 15:04:40.734
1FA5528,4,-141,4.55,1976,2024-01-06 15:04:39,2024-01-06 15:04:40.734
1FA5528,1,-140,4.15,1985,2024-01-06 23:27:24,2024-01-07 00:17:26.496
1FA5528,0,-140,4.15,1985,2024-01-06 23:37:24,2024-01-07 00:17:26.496
1FA5528,0,-140,4.15,1985,2024-01-06 23:47:24,2024-01-07 00:17:26.497
1FA5528,0,-140,4.15,1985,2024-01-06 23:57:24,2024-01-07 00:17:26.497
1FA5528,0,-140,4.15,1985,2024-01-07 00:07:24,2024-01-07 00:17:26.497
1FA5528,0,-140,4.15,1985,2024-01-07 00:17:24,2024-01-07 00:17:26.497
1FA5528,0,-138,4.1,1986,2024-01-07 03:33:10,2024-01-07 04:23:11.294
1FA5528,4,-138,4.1,1986,2024-01-07 03:43:10,2024-01-07 04:23:11.294
1FA5528,0,-138,4.1,1986,2024-01-07 03:53:10,2024-01-07 04:23:11.294
1FA5528,0,-138,4.1,1986,2024-01-07 04:03:10,2024-01-07 04:23:11.294
1FA5528,0,-138,4.1,1986,2024-01-07 04:13:10,2024-01-07 04:23:11.295
1FA5528,0,-138,4.1,1986,2024-01-07 04:23:10,2024-01-07 04:23:11.295
1FA5528,0,-140,4.1,1987,2024-01-07 05:36:07,2024-01-07 06:26:08.316
1FA5528,0,-140,4.1,1987,2024-01-07 05:46:07,2024-01-07 06:26:08.316
1FA5528,0,-140,4.1,1987,2024-01-07 05:56:07,2024-01-07 06:26:08.317
1FA5528,0,-140,4.1,1987,2024-01-07 06:06:07,2024-01-07 06:26:08.317
1FA5528,0,-140,4.1,1987,2024-01-07 06:16:07,2024-01-07 06:26:08.317
1FA5528,1,-140,4.1,1987,2024-01-07 06:26:07,2024-01-07 06:26:08.317
1FA5528,6,-140,4.1,1988,2024-01-07 06:37:41,2024-01-07 07:27:43.073
1FA5528,1,-140,4.1,1988,2024-01-07 06:47:41,2024-01-07 07:27:43.074
1FA5528,1,-140,4.1,1988,2024-01-07 06:57:41,2024-01-07 07:27:43.074
1FA5528,3,-140,4.1,1988,2024-01-07 07:07:41,2024-01-07 07:27:43.074
1FA5528,2,-140,4.1,1988,2024-01-07 07:17:41,2024-01-07 07:27:43.074
1FA5528,3,-140,4.1,1988,2024-01-07 07:27:41,2024-01-07 07:27:43.075
1FA5528,3,-140,4.15,1989,2024-01-07 07:39:20,2024-01-07 08:29:21.611
1FA5528,7,-140,4.15,1989,2024-01-07 07:49:20,2024-01-07 08:29:21.611
1FA5528,0,-140,4.15,1989,2024-01-07 07:59:20,2024-01-07 08:29:21.612
1FA5528,9,-140,4.15,1989,2024-01-07 08:09:20,2024-01-07 08:29:21.612
1FA5528,12,-140,4.15,1989,2024-01-07 08:19:20,2024-01-07 08:29:21.612
1FA5528,7,-140,4.15,1989,2024-01-07 08:29:20,2024-01-07 08:29:21.612
1FA5528,8,-140,4.4,1996,2024-01-07 14:49:37,2024-01-07 15:39:38.357
1FA5528,14,-140,4.4,1996,2024-01-07 14:59:37,2024-01-07 15:39:38.357
1FA5528,4,-140,4.4,1996,2024-01-07 15:09:37,2024-01-07 15:39:38.358
1FA5528,2,-140,4.4,1996,2024-01-07 15:19:37,2024-01-07 15:39:38.358
1FA5528,3,-140,4.4,1996,2024-01-07 15:29:37,2024-01-07 15:39:38.358
1FA5528,12,-140,4.4,1996,2024-01-07 15:39:37,2024-01-07 15:39:38.358
1FA5528,10,-139,4.25,1999,2024-01-07 17:53:21,2024-01-07 18:43:22.717
1FA5528,5,-139,4.25,1999,2024-01-07 18:03:21,2024-01-07 18:43:22.717
1FA5528,3,-139,4.25,1999,2024-01-07 18:13:21,2024-01-07 18:43:22.717
1FA5528,4,-139,4.25,1999,2024-01-07 18:23:21,2024-01-07 18:43:22.717
1FA5528,0,-139,4.25,1999,2024-01-07 18:33:21,2024-01-07 18:43:22.717
1FA5528,0,-139,4.25,1999,2024-01-07 18:43:21,2024-01-07 18:43:22.718
1FA5528,0,-142,4.25,2001,2024-01-07 19:55:57,2024-01-07 20:45:59.521
1FA5528,9,-142,4.25,2001,2024-01-07 20:05:57,2024-01-07 20:45:59.522
1FA5528,0,-142,4.25,2001,2024-01-07 20:15:57,2024-01-07 20:45:59.522
1FA5528,0,-142,4.25,2001,2024-01-07 20:25:57,2024-01-07 20:45:59.522
1FA5528,0,-142,4.25,2001,2024-01-07 20:35:57,2024-01-07 20:45:59.522
1FA5528,0,-142,4.25,2001,2024-01-07 20:45:57,2024-01-07 20:45:59.522
1FA5528,3,-140,4.35,2006,2024-01-08 06:08:07,2024-01-08 06:58:09.144
1FA5528,3,-140,4.35,2006,2024-01-08 06:18:07,2024-01-08 06:58:09.146
1FA5528,1,-140,4.35,2006,2024-01-08 06:28:07,2024-01-08 06:58:09.146
1FA5528,3,-140,4.35,2006,2024-01-08 06:38:07,2024-01-08 06:58:09.146
1FA5528,2,-140,4.35,2006,2024-01-08 06:48:07,2024-01-08 06:58:09.147
1FA5528,5,-140,4.35,2006,2024-01-08 06:58:07,2024-01-08 06:58:09.147
1FA5528,0,-141,4.35,2010,2024-01-08 10:13:48,2024-01-08 11:03:52.344
1FA5528,2,-141,4.35,2010,2024-01-08 10:23:48,2024-01-08 11:03:52.344
1FA5528,0,-141,4.35,2010,2024-01-08 10:33:48,2024-01-08 11:03:52.345
1FA5528,1,-141,4.35,2010,2024-01-08 10:43:48,2024-01-08 11:03:52.345
1FA5528,0,-141,4.35,2010,2024-01-08 10:53:48,2024-01-08 11:03:52.345
1FA5528,0,-141,4.35,2010,2024-01-08 11:03:48,2024-01-08 11:03:52.345
1FA5528,3,-126,4.35,2014,2024-01-08 14:18:36,2024-01-08 15:08:38.232
1FA5528,3,-126,4.35,2014,2024-01-08 14:28:36,2024-01-08 15:08:38.233
1FA5528,1,-126,4.35,2014,2024-01-08 14:38:36,2024-01-08 15:08:38.233
1FA5528,4,-126,4.35,2014,2024-01-08 14:48:36,2024-01-08 15:08:38.233
1FA5528,2,-126,4.35,2014,2024-01-08 14:58:36,2024-01-08 15:08:38.233
1FA5528,3,-126,4.35,2014,2024-01-08 15:08:36,2024-01-08 15:08:38.234
1FA5528,4,-141,4.05,2017,2024-01-08 17:22:42,2024-01-08 18:12:44.304
1FA5528,6,-141,4.05,2017,2024-01-08 17:32:42,2024-01-08 18:12:44.304
1FA5528,7,-141,4.05,2017,2024-01-08 17:42:42,2024-01-08 18:12:44.304
1FA5528,2,-141,4.05,2017,2024-01-08 17:52:42,2024-01-08 18:12:44.304
1FA5528,12,-141,4.05,2017,2024-01-08 18:02:42,2024-01-08 18:12:44.305
1FA5528,4,-141,4.05,2017,2024-01-08 18:12:42,2024-01-08 18:12:44.305
